adres,omschrijving
"Kloosterstraat 16","Verkoop van tuinplanten (inheems) en verschillende soorten pompoen/courgette"
"Middelerpad 8","Plantjesmarkt, handgemaakte kaarten en herenkleding"
"Middelerstraat 23a","Wij verkopen plantjes, (kinder)kleding, spelletjes, Rommelmarkt spullen. Koffie/thee met iets lekkers. Er is een toilet aanwezig."
"Jouw adres hier?","info@plaatselijkbelangmiddel.nl"
"Oude Deventerweg 17","Verkoop aan de Schotensweg. We hebben brocante, koffie en thee, misschien wat lekkers en alles wat we nog op zolder vinden. Geen toilet." 
"Stapelhaarspad 1a","Wij verkopen bijzondere boeken en vintage huisraad"
"Wesenberg 4a","Ruime sortering, o.a. speelgoed, kleding, huisraad, kerst, vazen,  decoratie enz enz.. Grotendeels in een tent."
"Wittenbergsweg 4","Boeken / Strips /speelgoed/ en veel diverse spullen. We hebben een ruime tent waar de spullen dan staan."
"Jouw adres hier?","info@plaatselijkbelangmiddel.nl"
